{"stats":{"minecraft:killed_by":{"minecraft:hoglin":1},"minecraft:custom":{"minecraft:interact_with_furnace":16,"minecraft:mob_kills":33,"minecraft:interact_with_crafting_table":15,"minecraft:open_barrel":1,"minecraft:time_since_death":28260,"minecraft:sleep_in_bed":1,"minecraft:climb_one_cm":1593,"minecraft:time_since_rest":4930,"minecraft:sprint_one_cm":71187,"minecraft:damage_taken":1104,"minecraft:walk_one_cm":103353,"minecraft:drop":15,"minecraft:damage_dealt":3366,"minecraft:swim_one_cm":14459,"minecraft:fly_one_cm":92498,"minecraft:open_chest":11,"minecraft:crouch_one_cm":669,"minecraft:play_time":41392,"minecraft:deaths":1,"minecraft:sneak_time":327,"minecraft:walk_under_water_one_cm":9009,"minecraft:jump":670,"minecraft:walk_on_water_one_cm":8960,"minecraft:total_world_time":41392,"minecraft:fall_one_cm":17305,"minecraft:inspect_dispenser":1},"minecraft:crafted":{"minecraft:cooked_beef":8,"minecraft:wooden_sword":1,"biomesoplenty:fir_boat":2,"minecraft:cooked_porkchop":2,"minecraft:crafting_table":4,"minecraft:spruce_planks":8,"minecraft:pink_bed":1,"minecraft:wooden_pickaxe":2,"minecraft:iron_sword":1,"minecraft:furnace":3,"minecraft:stone_axe":2,"minecraft:air":0,"biomesoplenty:fir_planks":84,"minecraft:iron_chestplate":1,"minecraft:charcoal":35,"minecraft:stick":24,"minecraft:iron_ingot":2,"minecraft:iron_pickaxe":1,"minecraft:stone_pickaxe":2,"minecraft:wooden_axe":1,"minecraft:stone_sword":2,"minecraft:iron_leggings":1,"biomesoplenty:fir_button":1,"minecraft:torch":16,"minecraft:shears":1},"minecraft:killed":{"minecraft:pig":5,"aquaculture:bluegill":2,"aquaculture:smallmouth_bass":2,"minecraft:creeper":1,"minecraft:sheep":11,"minecraft:skeleton":2,"aquaculture:minnow":3,"minecraft:zombie":1,"minecraft:cow":6},"minecraft:picked_up":{"minecraft:mud":1,"minecraft:crafting_table":5,"minecraft:feather":3,"minecraft:leather":5,"minecraft:pink_wool":5,"biomesoplenty:fir_sapling":23,"biomesoplenty:fir_log":108,"minecraft:lily_pad":1,"minecraft:dirt":20,"minecraft:bone":5,"minecraft:gold_nugget":2,"minecraft:wheat_seeds":2,"aquaculture:bluegill":2,"minecraft:spruce_wood":15,"minecraft:beef":8,"minecraft:iron_nugget":1,"aquaculture:minnow":3,"minecraft:minecart":1,"minecraft:egg":1,"minecraft:iron_sword":2,"minecraft:pink_bed":1,"immersive_weathering:tallow":3,"minecraft:raw_iron":2,"minecraft:furnace":3,"biomesoplenty:toadstool":4,"projectvibrantjourneys:light_brown_bark_mushroom":2,"minecraft:stick":30,"aquaculture:smallmouth_bass":2,"minecraft:sandstone":3,"minecraft:porkchop":7,"minecraft:spruce_log":3,"minecraft:redstone":2,"immersive_weathering:permafrost":3,"immersive_weathering:dark_oak_bark":1,"minecraft:arrow":3,"minecraft:stone_sword":1,"minecraft:rotten_flesh":2,"minecraft:lever":1,"minecraft:bone_meal":1,"minecraft:gray_wool":1,"supplementaries:ash":1,"minecraft:mutton":16,"minecraft:white_wool":9,"minecraft:cobblestone":57},"minecraft:mined":{"minecraft:pink_bed":1,"immersive_weathering:grassy_permafrost":1,"minecraft:crafting_table":5,"minecraft:lever":3,"minecraft:grass_block":2,"minecraft:poppy":1,"minecraft:campfire":1,"minecraft:redstone_wire":1,"minecraft:tall_grass":1,"minecraft:hay_block":1,"minecraft:sandstone":5,"immersive_weathering:permafrost":11,"projectvibrantjourneys:light_brown_bark_mushroom":2,"minecraft:furnace":3,"minecraft:mud":1,"minecraft:sea_pickle":1,"minecraft:iron_ore":2,"minecraft:sticky_piston":1,"minecraft:spruce_log":3,"minecraft:pumpkin":1,"treechop:chopped_log":1,"minecraft:grass":12,"projectvibrantjourneys:short_grass":14,"projectvibrantjourneys:pinecones":1,"minecraft:dirt":5,"minecraft:spruce_wood":18,"minecraft:dispenser":1,"minecraft:stone":55,"minecraft:fern":18},"minecraft:dropped":{"biomesoplenty:toadstool":1,"minecraft:iron_sword":2,"minecraft:wheat_seeds":1,"minecraft:stone_sword":2,"supplementaries:ash":1,"projectvibrantjourneys:light_brown_bark_mushroom":1,"minecraft:wooden_axe":1,"minecraft:gold_nugget":2,"minecraft:wooden_sword":1,"minecraft:wooden_pickaxe":1,"minecraft:lily_pad":1,"minecraft:redstone":1},"minecraft:used":{"minecraft:stone_sword":7,"minecraft:stone_pickaxe":43,"minecraft:wooden_pickaxe":48,"minecraft:sandstone":1,"minecraft:iron_sword":76,"biomesoplenty:fir_planks":13,"biomesoplenty:fir_boat":2,"minecraft:rotten_flesh":22,"aquaculture:bluegill":2,"minecraft:torch":5,"minecraft:dirt":8,"minecraft:crafting_table":7,"minecraft:wooden_axe":1,"minecraft:spruce_wood":10,"minecraft:iron_pickaxe":5,"minecraft:pink_bed":1,"minecraft:stone_axe":59,"minecraft:wooden_sword":5,"minecraft:furnace":4,"minecraft:cooked_porkchop":2,"aquaculture:smallmouth_bass":2,"minecraft:cooked_beef":2}},"DataVersion":3465}