{"stats":{"minecraft:killed":{"minecraft:skeleton":31,"minecraft:magma_cube":6,"minecraft:parrot":2,"minecraft:pillager":21,"minecraft:goat":1,"minecraft:zombie":88,"minecraft:cow":25,"minecraft:vindicator":26,"naturalist:tortoise":1,"minecraft:horse":3,"minecraft:husk":7,"aquaculture:synodontis":1,"minecraft:witch":2,"minecraft:spider":21,"minecraft:silverfish":2,"minecraft:illusioner":1,"aquaculture:atlantic_herring":1,"minecraft:pig":1,"minecraft:zombie_villager":2,"minecraft:creeper":2,"minecraft:sheep":4,"naturalist:alligator":1,"minecraft:phantom":1,"minecraft:drowned":15,"minecraft:wither_skeleton":1},"minecraft:broken":{"minecraft:iron_boots":3,"minecraft:iron_chestplate":2,"minecraft:diamond_leggings":1,"minecraft:shield":1,"minecraft:iron_axe":2,"minecraft:iron_helmet":2,"minecraft:flint_and_steel":1},"minecraft:picked_up":{"minecraft:wooden_axe":3,"minecraft:iron_chestplate":17,"pizzacraft:rolling_pin":2,"minecraft:flower_pot":1,"minecraft:anvil":2,"minecraft:lead":13,"minecraft:stone_slab":1,"minecraft:diamond_sword":13,"minecraft:enchanted_book":10,"minecraft:string":91,"minecraft:dark_oak_trapdoor":16,"minecraft:pufferfish":2,"minecraft:diamond_leggings":7,"minecraft:gold_nugget":114,"minecraft:cobbled_deepslate":21,"bosses_of_mass_destruction:soul_star":4,"minecraft:spruce_planks":163,"minecraft:enchanted_golden_apple":2,"hangglider:hang_glider":1,"minecraft:melon_slice":185,"minecraft:coal_block":17,"ecologics:crab_claw":1,"minecraft:polished_blackstone_brick_slab":2,"pizzacraft:raw_pizza":20,"pizzacraft:pineapple_seeds":12,"minecraft:green_bed":7,"minecraft:acacia_log":1,"biomesoplenty:magic_fence":4,"minecraft:cherry_log":17,"minecraft:yellow_banner":1,"immersive_weathering:oak_bark":11,"pizzacraft:iron_pizza_peel":1,"minecraft:vex_armor_trim_smithing_template":4,"farmersdelight:onion":17,"minecraft:red_tulip":1,"farmersdelight:rope":18,"supplementaries:ash":52,"minecraft:snowball":158,"biomesoplenty:lavender":215,"minecraft:feather":2,"minecraft:cooked_beef":6,"pizzacraft:pepper_seeds":6,"minecraft:birch_slab":7,"minecraft:jungle_log":10,"ecologics:coconut_planks":142,"biomesoplenty:fir_sapling":49,"biomesoplenty:fir_log":123,"minecraft:flint":123,"minecraft:gray_concrete":2,"minecraft:map":6,"minecraft:cyan_concrete_powder":1,"farmersdelight:tomato":27,"minecraft:lantern":3,"pizzacraft:cucumber_seeds":2,"minecraft:diamond_helmet":16,"pizzacraft:tomato_sauce":1,"immersive_weathering:tallow":2,"pizzacraft:pizza":4,"pizzacraft:ham":36,"biomesoplenty:magic_sapling":2,"securitycraft:mine":32,"aquaculture:gar":2,"ecologics:coconut_husk":1,"minecraft:dark_oak_log":4,"minecraft:barrel":8,"minecraft:bundle":5,"pizzacraft:onion":2,"biomesoplenty:willow_log":9,"biomesoplenty:magic_planks":4,"minecraft:bread":99,"minecraft:diamond_pickaxe":11,"biomesoplenty:redwood_log":31,"minecraft:coarse_dirt":5,"minecraft:crafting_table":4,"minecraft:purple_wool":9,"minecraft:clay_ball":68,"minecraft:redstone_lamp":14,"minecraft:leather_leggings":2,"ecologics:seashell":1,"biomesoplenty:jacaranda_sapling":86,"minecraft:red_bed":4,"minecraft:elytra":1,"minecraft:flint_and_steel":1,"minecraft:white_carpet":4,"minecraft:iron_shovel":1,"farmersdelight:beef_patty":33,"minecraft:cartography_table":1,"minecraft:beef":47,"minecraft:cyan_wool":12,"minecraft:poppy":43,"minecraft:spruce_slab":4,"minecraft:minecart":2,"minecraft:chest":5,"minecraft:birch_sapling":3,"pizzacraft:corn":20,"wardrobe:large_backpack":8,"minecraft:raw_gold_block":2,"immersive_weathering:biomesoplenty/jacaranda_bark":1,"minecraft:fire_charge":2,"farmersdelight:tomato_seeds":10,"minecraft:carrot":1,"immersive_weathering:permafrost":1,"minecraft:tnt":63,"minecraft:stone_shovel":1,"minecraft:diamond_chestplate":9,"minecraft:cooked_cod":2,"biomesoplenty:jacaranda_log":106,"minecraft:decorated_pot":1,"aquaculture:brown_trout":2,"minecraft:hay_block":56,"minecraft:yellow_terracotta":1,"tombstone:essence_of_undeath":1,"minecraft:gold_ingot":65,"biomesoplenty:redwood_sapling":5,"minecraft:mutton":11,"minecraft:white_wool":5,"minecraft:oxeye_daisy":8,"minecraft:stripped_oak_log":13,"minecraft:tripwire_hook":1,"minecraft:red_mushroom":1,"minecraft:oak_log":258,"minecraft:lily_pad":1,"aquaculture:rainbow_trout":1,"minecraft:apple":15,"minecraft:stone_bricks":37,"minecraft:kelp":1,"pizzacraft:cheese":6,"minecraft:iron_ore":22,"biomesoplenty:magic_log":9,"minecraft:glass_bottle":2,"minecraft:iron_sword":10,"minecraft:dark_oak_stairs":6,"minecraft:dark_oak_slab":5,"minecraft:smooth_basalt":19,"minecraft:milk_bucket":4,"pizzacraft:pepper":3,"minecraft:sweet_berries":25,"minecraft:gravel":19,"minecraft:spruce_sapling":23,"minecraft:spruce_log":120,"minecraft:crying_obsidian":2,"minecraft:purple_bed":4,"minecraft:slime_ball":3,"immersive_weathering:earthen_clay":6,"minecraft:stone_axe":1,"minecraft:diamond_axe":2,"minecraft:painting":12,"minecraft:lodestone":2,"minecraft:baked_potato":7,"projectvibrantjourneys:orange_bark_mushroom":17,"minecraft:wheat":163,"aquaculture:synodontis":3,"minecraft:potion":1,"pizzacraft:pineapple_slice":2,"tombstone:grave_key":2,"minecraft:crimson_planks":3,"pizzacraft:pineapple":5,"minecraft:raw_copper":4,"minecraft:iron_leggings":7,"minecraft:experience_bottle":2,"biomesoplenty:fir_planks":231,"minecraft:bucket":3,"minecraft:rose_bush":95,"minecraft:calcite":5,"minecraft:smooth_quartz":12,"farmersdelight:cabbage_seeds":6,"minecraft:iron_boots":15,"minecraft:furnace":4,"minecraft:tipped_arrow":2,"minecraft:stick":384,"minecraft:acacia_fence":2,"biomesoplenty:redwood_boat":1,"farmersdelight:rotten_tomato":1,"minecraft:oak_fence":7,"minecraft:spruce_stairs":9,"minecraft:torch":121,"ecologics:coconut_seedling":28,"hangglider:glider_framework":2,"minecraft:porkchop":2,"tombstone:grave_dust":11,"minecraft:rotten_flesh":118,"ecologics:coconut_log":131,"pizzacraft:pizza_slice":3,"minecraft:obsidian":1,"minecraft:cod":2,"minecraft:cobblestone":1137,"minecraft:nautilus_shell":1,"minecraft:pink_petals":25,"minecraft:lilac":5,"minecraft:cherry_planks":2,"minecraft:andesite":23,"minecraft:orange_carpet":5,"projectvibrantjourneys:fallen_leaves":14,"minecraft:black_bed":2,"minecraft:golden_leggings":1,"minecraft:chiseled_quartz_block":18,"immersive_weathering:sandy_dirt":21,"biomesoplenty:glowshroom":2,"minecraft:potato":15,"pizzacraft:oak_chopping_board":1,"projectvibrantjourneys:oak_hollow_log":2,"minecraft:dirt":1245,"minecraft:leather_boots":1,"minecraft:bone":141,"minecraft:acacia_planks":20,"farmersdelight:iron_knife":2,"minecraft:bow":7,"minecraft:orange_tulip":6,"minecraft:wheat_seeds":366,"pizzacraft:tomato":15,"minecraft:mossy_stone_bricks":5,"minecraft:bamboo":15,"minecraft:oak_planks":124,"aquaculture:arapaima":2,"wardrobe:hardened_leather":13,"minecraft:cooked_porkchop":4,"securitycraft:dirt_mine":18,"minecraft:jungle_planks":11,"minecraft:sand":56,"biomesoplenty:fir_fence":2,"minecraft:dead_bush":3,"minecraft:cyan_bed":2,"minecraft:jungle_slab":14,"farmersdelight:cooked_mutton_chops":32,"minecraft:mossy_cobblestone":26,"minecraft:sugar":4,"minecraft:diamond":130,"minecraft:spruce_boat":2,"tombstone:tablet_of_recall":1,"minecraft:golden_apple":5,"minecraft:emerald":470,"pizzacraft:iron_knife":1,"minecraft:oak_sapling":56,"biomesoplenty:stripped_jacaranda_log":1,"minecraft:charcoal":4,"minecraft:allium":24,"minecraft:azure_bluet":1,"minecraft:chicken":8,"minecraft:ladder":2,"minecraft:turtle_helmet":4,"minecraft:wooden_pickaxe":1,"ecologics:coconut_boat":2,"minecraft:shield":13,"minecraft:stone_stairs":1,"minecraft:moss_carpet":1,"minecraft:quartz_slab":2,"minecraft:item_frame":7,"minecraft:cyan_carpet":1,"biomesoplenty:willow_planks":30,"farmersdelight:straw":22,"minecraft:oak_boat":3,"biomesoplenty:wildflower":1,"minecraft:sugar_cane":5,"minecraft:phantom_membrane":2,"minecraft:raw_iron":42,"ecologics:coconut_slice":16,"projectvibrantjourneys:bark_mushroom":10,"minecraft:polished_blackstone_bricks":2,"minecraft:stone_button":9,"minecraft:purple_terracotta":1,"minecraft:dark_oak_planks":116,"biomesoplenty:redwood_planks":20,"pizzacraft:red_pizza_bag":6,"pizzacraft:dough":2,"minecraft:arrow":53,"biomesoplenty:willow_sapling":13,"minecraft:jungle_stairs":3,"minecraft:stripped_dark_oak_wood":7,"minecraft:pink_tulip":2,"minecraft:saddle":1,"minecraft:glistering_melon_slice":4,"minecraft:black_banner":1,"minecraft:skeleton_skull":36,"minecraft:purple_dye":1,"minecraft:air":0,"immersive_weathering:spruce_bark":3,"minecraft:leather":34,"minecraft:birch_planks":38,"biomesoplenty:jacaranda_planks":46,"minecraft:gunpowder":991,"pizzacraft:broccoli_seeds":2,"minecraft:orange_terracotta":3,"minecraft:cooked_mutton":13,"minecraft:red_carpet":1,"minecraft:gray_carpet":17,"minecraft:spruce_wood":10,"wardrobe:goat_fur":3,"minecraft:iron_ingot":444,"minecraft:book":106,"projectvibrantjourneys:light_brown_bark_mushroom":21,"minecraft:pumpkin":10,"minecraft:quartz":23,"minecraft:dandelion":1,"minecraft:red_banner":4,"minecraft:white_bed":5,"minecraft:spider_eye":12,"minecraft:iron_helmet":8,"minecraft:cherry_sapling":17,"minecraft:terracotta":6,"tombstone:magic_scroll":2,"spelunkers_charm:rock":3,"minecraft:dark_oak_wood":26,"minecraft:coal":135},"minecraft:custom":{"minecraft:interact_with_crafting_table":151,"minecraft:open_barrel":171,"minecraft:eat_cake_slice":9,"minecraft:leave_game":29,"minecraft:time_since_death":118049,"minecraft:damage_blocked_by_shield":1740,"minecraft:play_time":1510300,"minecraft:deaths":84,"minecraft:jump":23285,"minecraft:interact_with_furnace":152,"minecraft:sleep_in_bed":31,"minecraft:damage_dealt":56610,"tombstone:undead_killed":108,"minecraft:interact_with_smoker":6,"minecraft:inspect_dispenser":7,"minecraft:horse_one_cm":9820,"minecraft:sneak_time":57158,"minecraft:interact_with_lectern":3,"minecraft:interact_with_blast_furnace":1,"minecraft:total_world_time":1510300,"tombstone:raider_killed":44,"minecraft:tune_noteblock":9,"minecraft:time_since_rest":24520,"minecraft:swim_one_cm":506436,"minecraft:fly_one_cm":4847663,"minecraft:open_chest":324,"minecraft:fall_one_cm":554071,"minecraft:animals_bred":1,"minecraft:damage_resisted":144,"minecraft:sprint_one_cm":2043785,"minecraft:drop":255,"minecraft:talked_to_villager":23,"minecraft:walk_on_water_one_cm":257136,"minecraft:crouch_one_cm":198426,"minecraft:mob_kills":283,"minecraft:interact_with_campfire":8,"minecraft:damage_dealt_resisted":1270,"minecraft:climb_one_cm":36101,"minecraft:walk_one_cm":3190451,"minecraft:walk_under_water_one_cm":199005,"minecraft:boat_one_cm":173883,"minecraft:damage_taken":46816},"minecraft:used":{"minecraft:spruce_slab":5,"minecraft:poppy":4,"minecraft:ladder":1,"minecraft:chest":20,"ecologics:coconut_planks":529,"minecraft:rotten_flesh":12,"pizzacraft:corn":5,"minecraft:allium":3,"aquaculture:synodontis":1,"minecraft:snowball":21,"immersive_weathering:earthen_clay":5,"minecraft:spruce_boat":3,"biomesoplenty:mahogany_sapling":1,"biomesoplenty:jacaranda_sapling":56,"minecraft:sweet_berries":2,"pizzacraft:diorite_basin":2,"supplementaries:ash":5,"minecraft:furnace":10,"minecraft:oak_sapling":14,"minecraft:cooked_cod":2,"minecraft:acacia_fence":1,"aquaculture:atlantic_halibut":1,"minecraft:potato":2,"pizzacraft:raw_pizza":19,"pizzacraft:oven":1,"minecraft:mossy_stone_bricks":5,"projectvibrantjourneys:light_brown_bark_mushroom":6,"minecraft:spruce_door":3,"biomesoplenty:magic_log":2,"minecraft:wooden_pickaxe":22,"biomesoplenty:willow_sapling":1,"minecraft:sand":2,"pizzacraft:pizza_slice":2,"minecraft:chiseled_quartz_block":9,"minecraft:gray_concrete":1,"aquaculture:bayad":1,"biomesoplenty:jacaranda_planks":443,"pizzacraft:broccoli_seeds":1,"minecraft:lilac":2,"securitycraft:mine":4,"minecraft:diamond_sword":1034,"minecraft:oak_boat":5,"pizzacraft:andesite_basin":1,"naturalist:catfish":1,"minecraft:acacia_log":1,"pizzacraft:pizza_station":2,"minecraft:stick":185,"minecraft:torch":99,"minecraft:stone_stairs":1,"pizzacraft:oak_chopping_board":2,"farmersdelight:beef_patty":15,"projectvibrantjourneys:fallen_leaves":3,"minecraft:iron_axe":717,"minecraft:jungle_log":4,"minecraft:smooth_quartz":6,"biomesoplenty:jacaranda_log":1,"minecraft:barrel":5,"minecraft:smooth_basalt":19,"minecraft:diamond_chestplate":3,"minecraft:gunpowder":2,"projectvibrantjourneys:orange_bark_mushroom":2,"ecologics:coconut_boat":3,"securitycraft:dirt_mine":2,"tombstone:gift":16,"ecologics:coconut_seedling":10,"farmersdelight:tomato_seeds":4,"minecraft:acacia_planks":18,"minecraft:cobbled_deepslate":21,"minecraft:orange_terracotta":3,"minecraft:calcite":1,"minecraft:wheat_seeds":45,"farmersdelight:iron_knife":141,"minecraft:water_bucket":36,"minecraft:yellow_banner":1,"minecraft:birch_planks":20,"minecraft:cherry_planks":16,"immersive_weathering:sandy_dirt":12,"pizzacraft:cucumber_seeds":1,"aquaculture:piranha":1,"minecraft:salmon":1,"minecraft:mossy_cobblestone":10,"minecraft:orange_carpet":1,"pizzacraft:pepper_seeds":6,"minecraft:crafting_table":26,"minecraft:tnt":43,"minecraft:red_bed":4,"minecraft:white_bed":3,"minecraft:campfire":1,"minecraft:cake":1,"pizzacraft:pineapple_seeds":7,"minecraft:oak_log":16,"minecraft:diamond_pickaxe":1363,"minecraft:oxeye_daisy":3,"minecraft:diamond_shovel":729,"minecraft:cobblestone":529,"minecraft:purple_bed":1,"minecraft:cooked_porkchop":5,"minecraft:diamond_leggings":1,"pizzacraft:dough":5,"minecraft:iron_shovel":94,"minecraft:decorated_pot":1,"aquaculture:brown_trout":1,"minecraft:shield":16,"minecraft:iron_sword":158,"minecraft:iron_chestplate":2,"minecraft:jungle_planks":17,"minecraft:cyan_wool":6,"minecraft:honey_bottle":12,"minecraft:obsidian":1,"aquaculture:rainbow_trout":1,"minecraft:lantern":6,"minecraft:quartz_slab":2,"minecraft:spruce_wood":1,"biomesoplenty:fir_sapling":1,"minecraft:iron_helmet":2,"minecraft:dark_oak_wood":6,"minecraft:stone_bricks":2,"minecraft:item_frame":1,"minecraft:red_carpet":1,"minecraft:redstone_lamp":14,"farmersdelight:cutting_board":1,"minecraft:hay_block":20,"pizzacraft:red_pizza_bag":5,"pizzacraft:pizza":3,"biomesoplenty:fir_fence":16,"minecraft:dark_oak_stairs":1,"minecraft:gray_carpet":1,"minecraft:oak_planks":228,"biomesoplenty:fir_planks":7,"biomesoplenty:lavender":69,"aquaculture:capitaine":1,"minecraft:white_wool":1,"minecraft:yellow_terracotta":1,"minecraft:black_bed":2,"minecraft:cyan_bed":4,"minecraft:melon_slice":87,"minecraft:bread":52,"tombstone:grave_key":11,"minecraft:gravel":3,"ecologics:coconut_slice":3,"wardrobe:large_backpack":12,"minecraft:andesite":3,"minecraft:coarse_dirt":5,"minecraft:bone_meal":132,"aquaculture:perch":1,"minecraft:experience_bottle":2,"minecraft:oak_fence":18,"minecraft:rose_bush":10,"minecraft:flint_and_steel":84,"biomesoplenty:redwood_planks":104,"minecraft:spruce_planks":167,"biomesoplenty:glowshroom":2,"minecraft:stone_hoe":13,"aquaculture:iron_fillet_knife":6,"minecraft:dirt":571,"projectvibrantjourneys:bark_mushroom":5,"minecraft:diamond_helmet":3,"minecraft:spruce_fence":3,"minecraft:iron_hoe":63,"minecraft:wooden_axe":40,"minecraft:dark_oak_planks":140,"minecraft:iron_boots":1,"minecraft:crimson_planks":3,"minecraft:cyan_concrete_powder":1,"farmersdelight:cooked_mutton_chops":36,"minecraft:cooked_beef":149,"projectvibrantjourneys:oak_hollow_log":1,"minecraft:pumpkin":5,"minecraft:cooked_mutton":3,"minecraft:snow_block":12,"minecraft:baked_potato":2,"biomesoplenty:redwood_sapling":6,"minecraft:green_bed":6,"pizzacraft:iron_pizza_peel":252,"minecraft:painting":9,"biomesoplenty:wildflower":1,"bosses_of_mass_destruction:soul_star":1,"minecraft:flower_pot":1,"minecraft:apple":37,"minecraft:jungle_stairs":1,"minecraft:red_banner":3,"minecraft:bucket":35},"minecraft:dropped":{"minecraft:iron_sword":2,"minecraft:cooked_beef":8,"pizzacraft:tomato":2,"minecraft:diamond":25,"minecraft:crafting_table":1,"minecraft:elytra":1,"farmersdelight:beef_patty":1,"projectvibrantjourneys:orange_bark_mushroom":2,"minecraft:red_mushroom":1,"minecraft:emerald":47,"minecraft:dirt":47,"minecraft:stone_button":3,"minecraft:stripped_dark_oak_wood":2,"minecraft:phantom_membrane":1,"minecraft:iron_pickaxe":1,"minecraft:dark_oak_planks":25,"minecraft:white_wool":4,"minecraft:bone":2,"minecraft:stone_axe":1,"minecraft:wheat":2,"minecraft:rotten_flesh":15,"aquaculture:synodontis":2,"bosses_of_mass_destruction:soul_star":3,"minecraft:jungle_stairs":1,"minecraft:leather_boots":1,"minecraft:leather_leggings":2,"immersive_weathering:tallow":2,"minecraft:spruce_slab":1,"minecraft:beef":3,"minecraft:cartography_table":1,"minecraft:enchanted_book":1,"minecraft:iron_ingot":204,"minecraft:wheat_seeds":50,"pizzacraft:iron_pizza_peel":2,"minecraft:tnt":16,"biomesoplenty:magic_sapling":4,"biomesoplenty:lavender":2,"minecraft:oak_fence":3,"minecraft:feather":1,"minecraft:iron_helmet":3,"minecraft:cobblestone":188,"minecraft:apple":1,"minecraft:purple_dye":1,"minecraft:coal":69,"biomesoplenty:jacaranda_log":3,"minecraft:pufferfish":2,"minecraft:diamond_helmet":2,"minecraft:dead_bush":3,"minecraft:string":80,"minecraft:iron_shovel":1,"immersive_weathering:permafrost":1,"minecraft:gray_carpet":15,"minecraft:spruce_sapling":2,"minecraft:pink_tulip":1,"minecraft:snow_block":19,"ecologics:coconut_planks":103,"pizzacraft:pizza":1,"minecraft:stone_shovel":1,"minecraft:chicken":6,"minecraft:stone_slab":1,"farmersdelight:straw":3,"minecraft:diamond_sword":1,"minecraft:spruce_planks":20,"minecraft:barrel":1,"minecraft:spider_eye":3,"minecraft:bow":1,"wardrobe:goat_fur":3,"pizzacraft:ham":1,"wardrobe:large_backpack":1,"minecraft:birch_planks":3,"minecraft:dark_oak_stairs":2,"minecraft:oak_log":27,"minecraft:ender_pearl":1,"biomesoplenty:magic_planks":5,"pizzacraft:iron_knife":1,"minecraft:leather":6,"minecraft:jungle_planks":1,"pizzacraft:red_pizza_bag":1,"minecraft:birch_slab":2,"minecraft:raw_gold_block":2,"aquaculture:gar":2,"immersive_weathering:spruce_bark":2,"minecraft:polished_blackstone_bricks":1,"projectvibrantjourneys:bark_mushroom":4,"minecraft:gravel":7,"securitycraft:dirt_mine":3,"hangglider:hang_glider":1,"tombstone:tablet_of_recall":1,"aquaculture:arapaima":2,"supplementaries:ash":8,"spelunkers_charm:rock":3,"minecraft:arrow":5,"minecraft:bread":5,"minecraft:purple_terracotta":1,"biomesoplenty:jacaranda_sapling":4,"minecraft:lilac":2,"minecraft:mossy_cobblestone":2,"minecraft:lead":1,"pizzacraft:pizza_slice":1,"minecraft:stick":29,"minecraft:torch":62,"tombstone:grave_key":3,"minecraft:melon_slice":25,"minecraft:fire_charge":2,"tombstone:grave_dust":1,"minecraft:iron_leggings":1,"minecraft:polished_blackstone_brick_slab":1,"securitycraft:mine":22,"minecraft:kelp":1,"minecraft:sweet_berries":12,"pizzacraft:rolling_pin":1,"minecraft:raw_copper":4,"farmersdelight:cabbage_seeds":3,"minecraft:raw_iron":11,"pizzacraft:pineapple":1,"minecraft:stripped_oak_log":2,"minecraft:flint_and_steel":1,"biomesoplenty:fir_planks":65,"minecraft:diamond_chestplate":4,"minecraft:iron_chestplate":2,"minecraft:purple_bed":2,"minecraft:golden_leggings":1,"minecraft:oak_sapling":1,"pizzacraft:pineapple_seeds":3,"minecraft:spruce_log":7,"minecraft:wooden_pickaxe":1,"wardrobe:hardened_leather":2},"minecraft:mined":{"minecraft:dark_oak_planks":37,"minecraft:white_bed":2,"naturalist:chrysalis":1,"minecraft:jungle_leaves":3,"minecraft:obsidian":1,"minecraft:coal_block":17,"minecraft:oxeye_daisy":6,"minecraft:spawner":28,"minecraft:polished_blackstone_bricks":1,"minecraft:tall_seagrass":2,"minecraft:barrel":1,"minecraft:fire":106,"biomesoplenty:lavender":99,"minecraft:pumpkin":9,"minecraft:stripped_dark_oak_wood":4,"biomesoplenty:glowshroom_block":1,"amendments:wall_lantern":1,"biomesoplenty:webbing":1,"wardrobe:large_backpack_block":8,"minecraft:spruce_wood":1,"immersive_weathering:oak_leaf_pile":102,"minecraft:tripwire":2,"biomesoplenty:jacaranda_leaves":15,"minecraft:red_bed":4,"biomesoplenty:jacaranda_planks":41,"immersive_weathering:spruce_leaf_pile":19,"minecraft:soul_fire":7,"minecraft:torch":5,"minecraft:dark_oak_wood":7,"projectvibrantjourneys:twigs":5,"minecraft:melon":10,"minecraft:white_stained_glass_pane":2,"minecraft:dead_bush":5,"projectvibrantjourneys:fallen_leaves":5,"minecraft:cyan_bed":2,"minecraft:sugar_cane":2,"projectvibrantjourneys:light_brown_bark_mushroom":1,"minecraft:cyan_wool":12,"ecologics:seashell":1,"minecraft:wheat":28,"immersive_weathering:biomesoplenty/redwood_leaf_pile":6,"minecraft:lilac":2,"minecraft:black_bed":2,"pizzacraft:corns":4,"minecraft:grass":455,"minecraft:infested_mossy_stone_bricks":1,"projectvibrantjourneys:short_grass":239,"immersive_weathering:grassy_earthen_clay":5,"minecraft:smooth_quartz":6,"minecraft:smooth_basalt":18,"minecraft:deepslate":27,"minecraft:yellow_terracotta":2,"biomesoplenty:orange_autumn_leaves":1,"biomesoplenty:watergrass":3,"minecraft:mossy_cobblestone":28,"immersive_weathering:biomesoplenty/jacaranda_leaf_pile":42,"biomesoplenty:desert_grass":1,"minecraft:dark_oak_log":1,"projectvibrantjourneys:rocks":4,"immersive_weathering:birch_leaf_pile":2,"minecraft:allium":7,"minecraft:jungle_planks":6,"minecraft:kelp":1,"biomesoplenty:dune_grass":6,"farmersdelight:wild_onions":8,"minecraft:snow":141,"minecraft:andesite":15,"immersive_weathering:grassy_sandy_dirt":6,"biomesoplenty:barley":8,"minecraft:bamboo":1,"minecraft:white_wool":1,"biomesoplenty:redwood_planks":14,"minecraft:gray_concrete":2,"minecraft:glass_pane":4,"pizzacraft:pineapple":5,"minecraft:dandelion":1,"pizzacraft:red_pizza_bag":5,"minecraft:emerald_ore":7,"minecraft:cyan_concrete_powder":1,"biomesoplenty:fir_planks":1,"minecraft:campfire":1,"projectvibrantjourneys:mossy_rocks":1,"minecraft:tall_grass":138,"minecraft:copper_ore":1,"farmersdelight:wild_tomatoes":10,"minecraft:orange_carpet":1,"minecraft:purple_bed":3,"minecraft:purple_wool":10,"minecraft:coarse_dirt":5,"minecraft:red_wall_banner":3,"minecraft:gravel":13,"minecraft:acacia_planks":22,"minecraft:stone_bricks":23,"minecraft:fern":16,"minecraft:spruce_planks":44,"immersive_weathering:earthen_clay":1,"minecraft:jungle_slab":7,"pizzacraft:peppers":2,"minecraft:grass_block":505,"ecologics:coconut_leaves":1,"minecraft:polished_blackstone_brick_slab":1,"immersive_weathering:biomesoplenty/fir_leaf_pile":1,"minecraft:iron_ore":33,"minecraft:anvil":1,"minecraft:azure_bluet":1,"minecraft:dark_oak_stairs":3,"supplementaries:stick":30,"immersive_weathering:loam":2,"minecraft:spruce_slab":2,"minecraft:green_bed":3,"biomesoplenty:willow_leaves":1,"biomesoplenty:wildflower":1,"minecraft:orange_terracotta":3,"minecraft:chiseled_quartz_block":10,"minecraft:clay":18,"minecraft:jungle_stairs":1,"diagonalfences:minecraft/oak_fence":1,"immersive_weathering:sandy_dirt":6,"minecraft:calcite":5,"minecraft:poppy":19,"minecraft:chest":1,"minecraft:mushroom_stem":1,"minecraft:cobblestone":32,"immersive_weathering:biomesoplenty/willow_leaf_pile":1,"minecraft:oak_planks":23,"minecraft:wall_torch":5,"minecraft:pink_petals":12,"minecraft:seagrass":1,"minecraft:stone_stairs":1,"minecraft:dark_oak_slab":1,"biomesoplenty:maple_leaves":1,"minecraft:tnt":20,"minecraft:oak_log":5,"minecraft:acacia_fence":1,"minecraft:sand":55,"minecraft:dirt":558,"minecraft:infested_cracked_stone_bricks":2,"minecraft:crimson_planks":3,"minecraft:tripwire_hook":1,"minecraft:netherrack":1,"minecraft:oak_leaves":22,"minecraft:crying_obsidian":1,"minecraft:red_carpet":1,"minecraft:yellow_wall_banner":1,"ecologics:coconut_planks":40,"minecraft:gray_stained_glass_pane":2,"minecraft:ladder":1,"minecraft:decorated_pot":1,"minecraft:birch_slab":9,"ecologics:coconut_log":1,"farmersdelight:tomatoes":1,"minecraft:spruce_leaves":27,"biomesoplenty:jacaranda_sapling":1,"minecraft:large_fern":3,"minecraft:hay_block":35,"minecraft:furnace":4,"biomesoplenty:toadstool":1,"treechop:chopped_log":49,"minecraft:peony":1,"biomesoplenty:sea_oats":21,"minecraft:stripped_oak_log":11,"minecraft:stone":951,"minecraft:infested_stone_bricks":1,"minecraft:snow_block":4,"pizzacraft:oak_chopping_board":1,"minecraft:red_banner":1,"minecraft:oak_fence":1,"minecraft:crafting_table":1,"minecraft:rose_bush":112,"biomesoplenty:stripped_jacaranda_log":1,"biomesoplenty:sprout":2,"minecraft:sculk":5,"minecraft:spruce_stairs":13,"immersive_weathering:cherry_leaf_pile":13,"minecraft:birch_planks":42,"biomesoplenty:yellow_autumn_leaves":3,"minecraft:sweet_berry_bush":5,"minecraft:ice":2,"minecraft:coal_ore":115,"biomesoplenty:fir_leaves":18,"minecraft:cherry_leaves":4,"minecraft:cracked_stone_bricks":2,"minecraft:terracotta":3,"minecraft:mossy_stone_bricks":5,"ecologics:coconut_seedling":1},"minecraft:crafted":{"minecraft:diamond_shovel":1,"minecraft:cooked_mutton":6,"wardrobe:large_backpack":1,"minecraft:diamond_leggings":1,"pizzacraft:chef_hat":1,"pizzacraft:red_pizza_bag":1,"minecraft:wooden_shovel":1,"minecraft:cooked_porkchop":2,"farmersdelight:iron_knife":1,"minecraft:spruce_door":6,"minecraft:campfire":1,"farmersdelight:beef_patty":16,"aquaculture:iron_fillet_knife":1,"pizzacraft:iron_pizza_peel":1,"minecraft:gold_ingot":9,"hangglider:glider_framework":2,"ecologics:coconut_planks":524,"minecraft:bone_meal":72,"hangglider:glider_wing":4,"minecraft:spruce_fence":3,"minecraft:spruce_slab":6,"minecraft:stone_pickaxe":1,"minecraft:spruce_boat":1,"minecraft:dark_oak_planks":76,"minecraft:lead":2,"ecologics:coconut_boat":2,"minecraft:wheat":63,"farmersdelight:cooked_mutton_chops":6,"pizzacraft:oven":1,"biomesoplenty:redwood_planks":84,"minecraft:cyan_bed":2,"biomesoplenty:fir_fence":18,"minecraft:wooden_axe":2,"minecraft:iron_shovel":1,"minecraft:iron_leggings":1,"minecraft:white_bed":1,"pizzacraft:dough":4,"pizzacraft:oak_chopping_board":1,"minecraft:brick":72,"securitycraft:mine":30,"minecraft:oak_planks":260,"hangglider:hang_glider":2,"pizzacraft:pizza_station":2,"pizzacraft:chef_leggings":1,"minecraft:stone":4,"minecraft:iron_boots":1,"tombstone:grave_key":1,"minecraft:chest":14,"minecraft:bricks":18,"minecraft:stone_hoe":1,"minecraft:oak_fence":18,"wardrobe:bound_leather":8,"farmersdelight:tomato_seeds":3,"biomesoplenty:jacaranda_planks":411,"minecraft:crafting_table":23,"minecraft:spruce_planks":316,"minecraft:wooden_pickaxe":3,"minecraft:iron_helmet":1,"biomesoplenty:fir_planks":124,"minecraft:tnt":13,"farmersdelight:cutting_board":1,"minecraft:purple_dye":1,"minecraft:charcoal":92,"minecraft:diamond_pickaxe":2,"minecraft:shield":2,"minecraft:stick":148,"minecraft:iron_ingot":33,"minecraft:snow_block":31,"pizzacraft:flour":2,"minecraft:polished_andesite":8,"minecraft:cherry_planks":16,"minecraft:furnace":6,"minecraft:flint_and_steel":1,"minecraft:iron_axe":4,"minecraft:iron_hoe":2,"pizzacraft:iron_knife":1,"biomesoplenty:magic_planks":28,"minecraft:cooked_beef":21,"minecraft:diamond_sword":2,"minecraft:bowl":4,"minecraft:stripped_oak_wood":6,"minecraft:bucket":2,"biomesoplenty:willow_planks":36,"minecraft:bread":11,"minecraft:air":0,"pizzacraft:corn_flour":4,"minecraft:jungle_planks":24,"securitycraft:dirt_mine":12,"minecraft:oak_boat":2,"pizzacraft:andesite_basin":1,"minecraft:torch":52,"minecraft:diamond_chestplate":1},"minecraft:killed_by":{"minecraft:pillager":2,"minecraft:vindicator":5,"minecraft:zombie":14,"minecraft:husk":3,"minecraft:creeper":10,"minecraft:silverfish":1,"minecraft:player":3,"minecraft:spider":2,"minecraft:hoglin":1,"minecraft:skeleton":14,"naturalist:bear":1}},"DataVersion":3465}