{"stats":{"minecraft:picked_up":{"minecraft:wooden_axe":7,"minecraft:iron_chestplate":12,"minecraft:wheat":13,"aquaculture:blackfish":5,"minecraft:lead":1,"minecraft:diamond_sword":4,"minecraft:enchanted_book":16,"minecraft:stone_brick_stairs":1,"tombstone:grave_key":1,"minecraft:golden_sword":4,"minecraft:string":87,"minecraft:dark_oak_trapdoor":1,"minecraft:smooth_stone_slab":1,"minecraft:iron_leggings":1,"minecraft:pufferfish":2,"minecraft:experience_bottle":2,"minecraft:diamond_leggings":3,"minecraft:gold_nugget":39,"bosses_of_mass_destruction:soul_star":1,"biomesoplenty:fir_planks":202,"minecraft:spruce_planks":50,"minecraft:acacia_fence_gate":1,"minecraft:white_tulip":6,"minecraft:rose_bush":4,"minecraft:azalea":3,"minecraft:iron_pickaxe":6,"minecraft:smooth_quartz":5,"minecraft:enchanted_golden_apple":1,"minecraft:melon_slice":367,"minecraft:coal_block":64,"farmersdelight:cabbage_seeds":6,"minecraft:iron_boots":8,"minecraft:furnace":25,"minecraft:tipped_arrow":150,"minecraft:stick":89,"pizzacraft:pineapple_seeds":1,"minecraft:acacia_fence":1,"minecraft:torch":66,"minecraft:green_bed":4,"minecraft:acacia_log":1,"minecraft:spruce_stairs":2,"tombstone:grave_dust":7,"minecraft:golden_chestplate":3,"minecraft:brown_carpet":9,"minecraft:stone_sword":1,"minecraft:honey_bottle":2,"minecraft:rotten_flesh":26,"farmersdelight:onion":1,"minecraft:iron_block":1,"farmersdelight:rope":9,"projectvibrantjourneys:cattail":1,"supplementaries:ash":12,"minecraft:cod":1,"minecraft:obsidian":78,"minecraft:iron_bars":1,"minecraft:snowball":38,"minecraft:cobblestone":252,"minecraft:birch_log":3,"minecraft:polished_diorite_slab":4,"minecraft:feather":3,"minecraft:cooked_beef":52,"minecraft:iron_door":7,"pizzacraft:pepper_seeds":1,"minecraft:birch_slab":3,"minecraft:andesite":1,"minecraft:potato":1,"projectvibrantjourneys:fallen_leaves":3,"minecraft:jungle_wood":11,"minecraft:chiseled_quartz_block":2,"biomesoplenty:fir_sapling":21,"biomesoplenty:fir_log":314,"minecraft:tuff":1,"minecraft:stripped_spruce_wood":3,"minecraft:gray_concrete":1,"minecraft:dirt":55,"minecraft:lantern":3,"immersive_weathering:exposed_iron_door":1,"minecraft:bone":26,"minecraft:acacia_planks":5,"minecraft:bow":9,"minecraft:wheat_seeds":107,"minecraft:mossy_stone_bricks":1,"minecraft:diamond_helmet":6,"minecraft:oak_planks":8,"aquaculture:atlantic_herring":2,"aquaculture:arapaima":2,"wardrobe:hardened_leather":12,"minecraft:diorite_wall":1,"minecraft:cooked_porkchop":5,"securitycraft:dirt_mine":1,"minecraft:sand":35,"minecraft:cyan_bed":1,"minecraft:dark_oak_log":14,"minecraft:barrel":4,"minecraft:mossy_cobblestone":1,"minecraft:bundle":1,"minecraft:light_gray_concrete":7,"minecraft:dispenser":2,"biomesoplenty:willow_log":20,"minecraft:diamond":293,"minecraft:spruce_boat":1,"tombstone:tablet_of_recall":1,"minecraft:golden_apple":10,"minecraft:emerald":310,"minecraft:bread":43,"minecraft:oak_sapling":20,"endrem:magical_eye":1,"minecraft:charcoal":2,"minecraft:crafting_table":13,"minecraft:turtle_helmet":4,"minecraft:golden_pickaxe":3,"minecraft:wooden_pickaxe":7,"minecraft:gold_block":1,"ecologics:coconut_boat":1,"minecraft:shield":7,"minecraft:red_bed":6,"minecraft:iron_axe":6,"minecraft:flint_and_steel":8,"minecraft:item_frame":8,"minecraft:white_carpet":4,"biomesoplenty:willow_planks":1,"farmersdelight:beef_patty":1,"minecraft:beef":22,"farmersdelight:straw":10,"minecraft:iron_nugget":37,"minecraft:light_gray_wool":3,"farmersdelight:golden_knife":3,"minecraft:birch_sapling":1,"minecraft:spruce_trapdoor":3,"wardrobe:large_backpack":6,"minecraft:oak_door":1,"ecologics:coconut_slice":2,"projectvibrantjourneys:bark_mushroom":3,"minecraft:spruce_fence":3,"minecraft:stone_button":4,"immersive_weathering:permafrost":12,"minecraft:stone_pressure_plate":5,"minecraft:dark_oak_planks":151,"minecraft:arrow":52,"minecraft:diamond_chestplate":1,"biomesoplenty:willow_sapling":11,"minecraft:shears":2,"aquaculture:brown_trout":4,"minecraft:diamond_boots":13,"minecraft:hay_block":42,"minecraft:gold_ingot":10,"minecraft:stripped_dark_oak_wood":20,"aquaculture:carp":4,"minecraft:glistering_melon_slice":8,"minecraft:saddle":3,"tombstone:essence_of_undeath":1,"minecraft:totem_of_undying":1,"minecraft:mutton":5,"minecraft:white_wool":7,"minecraft:purple_dye":2,"minecraft:jungle_boat":2,"minecraft:tripwire_hook":14,"minecraft:salmon":1,"minecraft:leather":27,"minecraft:birch_planks":26,"minecraft:mushroom_stew":1,"minecraft:oak_log":93,"minecraft:lily_pad":2,"minecraft:gunpowder":20,"aquaculture:rainbow_trout":5,"minecraft:blue_bed":9,"minecraft:cooked_mutton":15,"minecraft:apple":68,"minecraft:stone_bricks":9,"aquaculture:brown_shrooma":1,"minecraft:spruce_wood":3,"minecraft:iron_ingot":166,"minecraft:cooked_chicken":4,"minecraft:cobweb":9,"minecraft:iron_sword":5,"minecraft:dark_oak_stairs":9,"projectvibrantjourneys:light_brown_bark_mushroom":12,"minecraft:dark_oak_slab":1,"pizzacraft:pepper":2,"minecraft:pumpkin":4,"minecraft:stone_brick_slab":1,"minecraft:dandelion":2,"aquaculture:piranha":3,"minecraft:gravel":4,"minecraft:spruce_sapling":1,"minecraft:blast_furnace":2,"minecraft:white_bed":1,"minecraft:spruce_log":9,"minecraft:spruce_door":2,"minecraft:spider_eye":5,"aquaculture:boulti":1,"biomesoplenty:mahogany_log":22,"minecraft:slime_ball":1,"minecraft:iron_helmet":4,"minecraft:gray_wool":1,"minecraft:baked_potato":39,"projectvibrantjourneys:orange_bark_mushroom":5,"minecraft:stripped_dark_oak_log":3,"minecraft:dark_oak_wood":2,"minecraft:coal":174,"minecraft:ender_pearl":2},"minecraft:killed_by":{"minecraft:creeper":1,"minecraft:pillager":2,"minecraft:vindicator":11,"minecraft:zombie":6,"minecraft:husk":2,"minecraft:player":1,"minecraft:skeleton":3,"ecologics:coconut_crab":1},"minecraft:custom":{"minecraft:interact_with_crafting_table":77,"minecraft:open_barrel":158,"minecraft:leave_game":12,"minecraft:time_since_death":13375,"minecraft:damage_resisted":339,"minecraft:sprint_one_cm":1225225,"minecraft:damage_blocked_by_shield":1455,"minecraft:drop":227,"minecraft:talked_to_villager":7,"minecraft:play_time":404451,"minecraft:deaths":50,"minecraft:jump":8079,"minecraft:walk_on_water_one_cm":71625,"minecraft:interact_with_furnace":10,"minecraft:sleep_in_bed":17,"minecraft:damage_dealt":22725,"minecraft:player_kills":1,"minecraft:crouch_one_cm":60805,"tombstone:undead_killed":27,"minecraft:interact_with_smoker":4,"minecraft:inspect_dispenser":4,"minecraft:horse_one_cm":5672,"minecraft:mob_kills":139,"minecraft:interact_with_campfire":48,"minecraft:damage_dealt_resisted":5437,"minecraft:climb_one_cm":23527,"minecraft:walk_one_cm":1004510,"minecraft:sneak_time":21743,"minecraft:walk_under_water_one_cm":36865,"minecraft:boat_one_cm":15678,"minecraft:total_world_time":404451,"tombstone:raider_killed":6,"minecraft:time_since_rest":1293,"minecraft:damage_taken":25746,"minecraft:damage_absorbed":295,"minecraft:swim_one_cm":206073,"minecraft:fly_one_cm":1640178,"minecraft:open_chest":165,"minecraft:fall_one_cm":246870},"minecraft:killed":{"naturalist:zebra":2,"minecraft:spider":8,"naturalist:snail":1,"minecraft:skeleton":19,"minecraft:zombie_villager":2,"minecraft:creeper":1,"minecraft:sheep":10,"minecraft:pillager":6,"minecraft:donkey":1,"minecraft:zombie":30,"minecraft:stray":3,"takesapillage:archer":2,"minecraft:cow":13,"minecraft:evoker":1,"minecraft:vindicator":7,"naturalist:tortoise":1,"minecraft:phantom":1,"minecraft:horse":12,"minecraft:drowned":2,"minecraft:husk":2,"naturalist:bear":1,"takesapillage:skirmisher":1},"minecraft:dropped":{"wardrobe:large_backpack":1,"minecraft:iron_sword":1,"minecraft:birch_planks":2,"minecraft:dark_oak_stairs":3,"minecraft:baked_potato":21,"minecraft:diamond":59,"minecraft:golden_pickaxe":2,"aquaculture:brown_trout":1,"minecraft:lantern":1,"minecraft:saddle":1,"projectvibrantjourneys:orange_bark_mushroom":3,"biomesoplenty:fir_sapling":15,"minecraft:emerald":48,"minecraft:dirt":18,"minecraft:stone_button":2,"minecraft:dispenser":1,"minecraft:snowball":38,"farmersdelight:onion":1,"minecraft:iron_pickaxe":1,"minecraft:glistering_melon_slice":8,"minecraft:dark_oak_planks":2,"minecraft:white_wool":2,"projectvibrantjourneys:bark_mushroom":3,"minecraft:bone":1,"minecraft:blue_bed":1,"minecraft:oak_door":1,"minecraft:gravel":4,"hangglider:glider_framework":1,"minecraft:white_tulip":6,"minecraft:goat_horn":1,"hangglider:hang_glider":1,"minecraft:iron_nugget":37,"minecraft:cooked_chicken":3,"minecraft:golden_chestplate":1,"minecraft:wheat":11,"minecraft:birch_sapling":1,"minecraft:obsidian":42,"minecraft:rotten_flesh":8,"aquaculture:arapaima":1,"minecraft:cooked_mutton":5,"aquaculture:rainbow_trout":1,"projectvibrantjourneys:sea_oats":1,"projectvibrantjourneys:light_brown_bark_mushroom":10,"supplementaries:ash":3,"minecraft:turtle_helmet":1,"minecraft:gunpowder":14,"minecraft:diorite_wall":1,"minecraft:chainmail_boots":1,"farmersdelight:rope":9,"minecraft:iron_bars":1,"minecraft:arrow":12,"minecraft:beef":5,"minecraft:stone_brick_stairs":1,"minecraft:enchanted_book":5,"minecraft:iron_ingot":48,"minecraft:bread":34,"minecraft:wheat_seeds":87,"minecraft:golden_helmet":1,"minecraft:mossy_cobblestone":1,"minecraft:feather":3,"minecraft:iron_helmet":3,"minecraft:cobblestone":94,"minecraft:apple":34,"minecraft:spruce_door":1,"minecraft:purple_dye":2,"minecraft:spruce_stairs":1,"minecraft:coal":72,"minecraft:coal_block":35,"farmersdelight:golden_knife":2,"tombstone:grave_key":1,"minecraft:rose_bush":3,"minecraft:melon_slice":66,"minecraft:iron_door":1,"minecraft:diamond_helmet":1,"tombstone:grave_dust":6,"minecraft:iron_leggings":3,"minecraft:iron_axe":2,"minecraft:jungle_boat":1,"minecraft:tripwire_hook":2,"minecraft:lily_pad":1,"minecraft:bucket":1,"minecraft:dandelion":2,"minecraft:furnace":12,"minecraft:polished_diorite_slab":4,"minecraft:tuff":1,"farmersdelight:cabbage_seeds":6,"minecraft:iron_boots":6,"minecraft:shears":2,"minecraft:spruce_fence":2,"minecraft:spruce_boat":1,"minecraft:shield":4,"biomesoplenty:fir_planks":51,"minecraft:spruce_trapdoor":3,"minecraft:bundle":1,"minecraft:spruce_planks":3,"minecraft:iron_chestplate":7,"minecraft:oak_sapling":20,"minecraft:golden_sword":2,"minecraft:stone_pressure_plate":5,"minecraft:stone_bricks":1,"minecraft:barrel":1,"minecraft:spider_eye":4,"pizzacraft:pineapple_seeds":1,"minecraft:bow":1,"biomesoplenty:fir_log":158},"minecraft:broken":{"minecraft:iron_helmet":1},"minecraft:crafted":{"minecraft:oak_planks":258,"hangglider:hang_glider":2,"wardrobe:large_backpack":1,"minecraft:diamond_helmet":1,"minecraft:bow":2,"tombstone:grave_key":2,"minecraft:chest":2,"wardrobe:bound_leather":12,"minecraft:crafting_table":8,"minecraft:jungle_boat":1,"minecraft:spruce_planks":40,"farmersdelight:iron_knife":1,"minecraft:wooden_pickaxe":1,"minecraft:birch_planks":12,"minecraft:campfire":1,"farmersdelight:beef_patty":4,"biomesoplenty:fir_planks":116,"minecraft:shield":6,"minecraft:stick":20,"minecraft:iron_pickaxe":3,"minecraft:iron_ingot":9,"minecraft:stone_sword":1,"minecraft:gold_ingot":9,"hangglider:glider_framework":3,"minecraft:furnace":1,"minecraft:bone_meal":3,"hangglider:glider_wing":4,"minecraft:iron_axe":2,"minecraft:dark_oak_planks":108,"minecraft:lead":2,"minecraft:glistering_melon_slice":8,"minecraft:wheat":162,"minecraft:cooked_beef":9,"minecraft:diamond_sword":1,"minecraft:iron_sword":2,"wardrobe:travel_backpack":1,"biomesoplenty:willow_planks":8,"minecraft:bread":54,"minecraft:air":0,"minecraft:jungle_planks":44,"minecraft:gold_nugget":81,"minecraft:wooden_axe":1,"minecraft:white_bed":1,"minecraft:torch":36},"minecraft:mined":{"minecraft:dark_oak_planks":46,"minecraft:stone_pressure_plate":1,"minecraft:spruce_planks":42,"minecraft:white_bed":1,"minecraft:oak_sapling":1,"immersive_weathering:earthen_clay":3,"minecraft:cobblestone_stairs":1,"minecraft:jungle_leaves":5,"pizzacraft:peppers":1,"minecraft:spruce_trapdoor":1,"minecraft:grass_block":19,"minecraft:coal_block":16,"minecraft:oxeye_daisy":1,"minecraft:spawner":12,"immersive_weathering:exposed_iron_door":1,"minecraft:barrel":2,"minecraft:fire":50,"projectvibrantjourneys:bark_mushroom":1,"minecraft:pumpkin":2,"minecraft:stripped_dark_oak_wood":12,"minecraft:dark_oak_stairs":10,"minecraft:iron_bars":1,"minecraft:light_gray_concrete":8,"wardrobe:large_backpack_block":4,"minecraft:pink_tulip":2,"minecraft:spruce_wood":3,"minecraft:iron_block":1,"biomesoplenty:willow_leaves":2,"minecraft:spruce_slab":1,"immersive_weathering:oak_leaf_pile":1,"minecraft:green_bed":6,"projectvibrantjourneys:cattail":2,"projectvibrantjourneys:sea_oats":1,"minecraft:red_bed":6,"biomesoplenty:wildflower":1,"minecraft:powder_snow":13,"minecraft:chiseled_quartz_block":2,"minecraft:clay":2,"minecraft:jungle_stairs":1,"minecraft:dark_oak_wood":2,"projectvibrantjourneys:twigs":5,"minecraft:blast_furnace":2,"minecraft:melon":45,"minecraft:polished_diorite_slab":3,"minecraft:cobblestone":12,"immersive_weathering:biomesoplenty/willow_leaf_pile":10,"minecraft:oak_planks":9,"minecraft:cyan_bed":1,"projectvibrantjourneys:fallen_leaves":2,"minecraft:iron_door":1,"minecraft:polished_diorite_stairs":1,"projectvibrantjourneys:light_brown_bark_mushroom":2,"minecraft:jungle_wood":12,"minecraft:dark_oak_slab":1,"minecraft:birch_log":3,"minecraft:wheat":10,"biomesoplenty:maple_leaves":1,"biomesoplenty:fir_log":2,"minecraft:stone_brick_stairs":1,"minecraft:grass":131,"minecraft:oak_log":7,"projectvibrantjourneys:short_grass":57,"minecraft:diorite_wall":1,"immersive_weathering:grassy_earthen_clay":3,"minecraft:acacia_fence":1,"minecraft:smooth_quartz":5,"minecraft:dirt":14,"minecraft:tripwire_hook":9,"minecraft:dispenser":1,"minecraft:oak_leaves":28,"minecraft:yellow_terracotta":1,"biomesoplenty:orange_autumn_leaves":1,"minecraft:red_carpet":1,"minecraft:tuff":1,"minecraft:dark_oak_leaves":9,"minecraft:red_stained_glass":3,"minecraft:dark_oak_log":7,"minecraft:spruce_fence":1,"minecraft:jungle_planks":4,"minecraft:birch_slab":2,"minecraft:spruce_leaves":1,"biomesoplenty:tundra_shrub":1,"immersive_weathering:azalea_leaf_pile":3,"minecraft:hay_block":25,"minecraft:furnace":5,"projectvibrantjourneys:orange_bark_mushroom":2,"treechop:chopped_log":16,"minecraft:gold_block":1,"biomesoplenty:sea_oats":2,"biomesoplenty:barley":14,"immersive_weathering:ivy":1,"minecraft:stone":97,"minecraft:birch_stairs":1,"minecraft:gray_concrete":1,"minecraft:glass_pane":13,"minecraft:stripped_dark_oak_log":3,"minecraft:dandelion":2,"minecraft:spruce_door":1,"minecraft:oak_fence":1,"minecraft:crafting_table":10,"biomesoplenty:fir_planks":2,"minecraft:rose_bush":4,"minecraft:campfire":1,"minecraft:tall_grass":43,"minecraft:lily_pad":2,"biomesoplenty:willow_log":6,"minecraft:blue_bed":5,"minecraft:spruce_stairs":1,"minecraft:birch_planks":25,"minecraft:stripped_spruce_wood":3,"minecraft:acacia_fence_gate":1,"minecraft:spruce_log":3,"minecraft:birch_leaves":1,"minecraft:coal_ore":17,"biomesoplenty:fir_leaves":3,"minecraft:gravel":4,"minecraft:cobweb":2,"minecraft:stone_bricks":8,"minecraft:mossy_stone_bricks":1,"projectvibrantjourneys:oak_hollow_log":1,"minecraft:fern":56},"minecraft:used":{"minecraft:chest":2,"minecraft:shield":24,"minecraft:iron_sword":425,"minecraft:iron_chestplate":2,"minecraft:mutton":5,"minecraft:jungle_planks":17,"minecraft:stripped_dark_oak_wood":6,"minecraft:lantern":1,"minecraft:stone_bricks":3,"minecraft:bow":92,"minecraft:hay_block":5,"immersive_weathering:permafrost":6,"minecraft:furnace":1,"minecraft:potato":7,"minecraft:mossy_stone_bricks":1,"minecraft:diamond_boots":1,"minecraft:spruce_door":1,"aquaculture:atlantic_herring":1,"minecraft:oak_planks":233,"minecraft:ender_pearl":1,"minecraft:wooden_pickaxe":18,"biomesoplenty:fir_planks":124,"minecraft:blue_bed":5,"minecraft:jungle_boat":1,"minecraft:white_wool":1,"minecraft:golden_apple":8,"minecraft:mushroom_stew":1,"minecraft:bread":54,"minecraft:cyan_bed":1,"minecraft:melon_slice":60,"minecraft:golden_helmet":1,"minecraft:diamond_sword":291,"wardrobe:large_backpack":5,"aquaculture:brown_shrooma":1,"minecraft:bone_meal":3,"minecraft:experience_bottle":2,"minecraft:cobweb":2,"minecraft:stone_sword":4,"minecraft:acacia_log":1,"minecraft:flint_and_steel":48,"minecraft:spruce_planks":43,"minecraft:cooked_chicken":1,"minecraft:torch":12,"endrem:magical_eye":1,"minecraft:dirt":29,"minecraft:diamond_helmet":1,"minecraft:wooden_axe":38,"minecraft:dark_oak_planks":86,"minecraft:iron_axe":442,"minecraft:barrel":1,"ecologics:coconut_boat":1,"minecraft:goat_horn":2,"tombstone:gift":8,"minecraft:cooked_beef":54,"minecraft:cooked_mutton":8,"farmersdelight:iron_knife":10,"minecraft:water_bucket":10,"minecraft:birch_planks":13,"minecraft:baked_potato":1,"minecraft:green_bed":1,"minecraft:salmon":1,"pizzacraft:pepper_seeds":1,"minecraft:crafting_table":16,"minecraft:red_bed":4,"minecraft:campfire":1,"minecraft:white_bed":2,"wardrobe:travel_backpack":1,"aquaculture:carp":2,"minecraft:iron_pickaxe":239,"tombstone:magic_scroll":1,"minecraft:cobblestone":50,"minecraft:cooked_porkchop":5,"minecraft:bucket":10}},"DataVersion":3465}