{"stats":{"minecraft:broken":{"minecraft:iron_shovel":1,"minecraft:iron_boots":2,"minecraft:iron_leggings":2,"minecraft:iron_sword":3,"minecraft:flint_and_steel":1,"pizzacraft:chef_hat":1,"minecraft:iron_axe":1,"minecraft:leather_boots":1},"minecraft:killed":{"minecraft:witch":1,"minecraft:spider":12,"naturalist:snail":1,"minecraft:skeleton":75,"minecraft:chicken":1,"minecraft:illusioner":1,"minecraft:pig":10,"minecraft:zombie_villager":2,"minecraft:creeper":5,"minecraft:sheep":14,"minecraft:pillager":29,"minecraft:zombie":75,"minecraft:cow":20,"minecraft:vindicator":31,"naturalist:duck":1,"minecraft:phantom":3,"minecraft:drowned":10,"minecraft:husk":1,"minecraft:wandering_trader":1,"minecraft:wither_skeleton":1,"minecraft:villager":4},"minecraft:picked_up":{"minecraft:wooden_axe":6,"minecraft:iron_chestplate":6,"pizzacraft:rolling_pin":1,"minecraft:wheat":201,"minecraft:lead":3,"minecraft:diamond_sword":5,"minecraft:enchanted_book":2,"tombstone:grave_key":1,"minecraft:crimson_planks":16,"minecraft:dark_oak_trapdoor":9,"minecraft:string":24,"pizzacraft:pineapple":1,"biomesoplenty:yellow_autumn_sapling":1,"minecraft:iron_leggings":1,"minecraft:purple_banner":2,"minecraft:experience_bottle":3,"minecraft:cobbled_deepslate":7,"minecraft:gold_nugget":28,"minecraft:bucket":1,"bosses_of_mass_destruction:soul_star":3,"biomesoplenty:fir_planks":140,"minecraft:spruce_planks":225,"minecraft:calcite":4,"minecraft:iron_pickaxe":1,"hangglider:hang_glider":2,"minecraft:melon_slice":180,"minecraft:coal_block":3,"minecraft:iron_boots":3,"minecraft:furnace":1,"minecraft:spruce_pressure_plate":3,"minecraft:stick":234,"minecraft:polished_blackstone_brick_slab":1,"pizzacraft:raw_pizza":3,"biomesoplenty:redwood_boat":2,"minecraft:birch_trapdoor":2,"minecraft:big_dripleaf":1,"minecraft:oak_fence":6,"minecraft:torch":1,"minecraft:green_bed":18,"minecraft:spruce_stairs":20,"minecraft:porkchop":16,"hangglider:glider_framework":2,"minecraft:snow_block":19,"biomesoplenty:magic_fence":18,"minecraft:cherry_log":1,"tombstone:grave_dust":10,"minecraft:golden_chestplate":2,"minecraft:brown_carpet":2,"wardrobe:backpack":1,"immersive_weathering:oak_bark":2,"minecraft:stone_sword":1,"minecraft:mangrove_stairs":2,"minecraft:rotten_flesh":96,"farmersdelight:onion":5,"biomesoplenty:magic_slab":41,"pizzacraft:pizza_slice":4,"projectvibrantjourneys:cattail":1,"supplementaries:ash":76,"minecraft:obsidian":14,"minecraft:iron_bars":7,"minecraft:snowball":158,"minecraft:cobblestone":211,"minecraft:birch_log":13,"minecraft:lilac":19,"minecraft:muddy_mangrove_roots":1,"minecraft:feather":2,"minecraft:cooked_beef":32,"minecraft:iron_door":2,"minecraft:birch_slab":11,"minecraft:jungle_log":7,"projectvibrantjourneys:fallen_leaves":1,"minecraft:black_bed":6,"biomesoplenty:fir_sapling":23,"biomesoplenty:fir_log":256,"minecraft:potato":2,"immersive_weathering:silt":3,"minecraft:flint":13,"supplementaries:flax_seeds":2,"naturalist:lizard_tail":3,"minecraft:gray_concrete":1,"minecraft:dirt":722,"minecraft:lantern":29,"minecraft:name_tag":1,"minecraft:purple_carpet":1,"minecraft:bone":81,"pizzacraft:cucumber_seeds":1,"minecraft:acacia_planks":3,"minecraft:bow":7,"minecraft:wheat_seeds":531,"minecraft:mossy_stone_bricks":3,"minecraft:diamond_helmet":7,"minecraft:cyan_candle":4,"pizzacraft:tomato_sauce":3,"biomesoplenty:magic_stairs":6,"minecraft:oak_planks":19,"immersive_weathering:tallow":17,"pizzacraft:pizza":1,"pizzacraft:ham":1,"biomesoplenty:magic_sapling":73,"securitycraft:mine":11,"minecraft:cooked_porkchop":17,"securitycraft:dirt_mine":12,"minecraft:sand":2,"ecologics:coconut_husk":1,"minecraft:jungle_planks":46,"minecraft:lily_of_the_valley":6,"minecraft:dark_oak_log":2,"minecraft:jungle_slab":1,"minecraft:chiseled_sandstone":1,"minecraft:dark_prismarine":1,"biomesoplenty:glowflower":6,"minecraft:bundle":2,"pizzacraft:onion":1,"minecraft:diamond":183,"minecraft:spruce_boat":1,"biomesoplenty:magic_planks":99,"minecraft:golden_apple":1,"minecraft:bread":92,"minecraft:golden_horse_armor":2,"minecraft:emerald":193,"pizzacraft:iron_knife":1,"minecraft:oak_sapling":44,"biomesoplenty:redwood_log":35,"minecraft:mud":20,"minecraft:crafting_table":7,"minecraft:allium":5,"minecraft:chicken":3,"minecraft:ladder":5,"minecraft:golden_pickaxe":1,"minecraft:leather_leggings":1,"minecraft:wooden_pickaxe":2,"minecraft:gold_block":10,"biomesoplenty:jacaranda_sapling":10,"minecraft:diamond_horse_armor":1,"minecraft:shield":8,"minecraft:stripped_mangrove_log":4,"minecraft:moss_carpet":3,"minecraft:flint_and_steel":5,"minecraft:item_frame":2,"minecraft:cyan_carpet":1,"minecraft:beef":27,"minecraft:iron_nugget":3,"minecraft:spruce_slab":20,"minecraft:chest":6,"minecraft:birch_sapling":2,"minecraft:spruce_trapdoor":2,"minecraft:phantom_membrane":1,"minecraft:sandstone":9,"minecraft:raw_gold_block":2,"ecologics:coconut_slice":1,"minecraft:copper_ingot":1,"projectvibrantjourneys:bark_mushroom":12,"minecraft:note_block":1,"minecraft:spruce_fence":2,"minecraft:polished_blackstone_bricks":1,"minecraft:cake":1,"minecraft:stone_button":2,"minecraft:purple_terracotta":5,"minecraft:stone_pressure_plate":1,"minecraft:dark_oak_planks":66,"minecraft:tnt":4,"supplementaries:sign_post_oak":1,"biomesoplenty:redwood_planks":130,"minecraft:arrow":110,"pizzacraft:dough":1,"minecraft:diamond_chestplate":5,"biomesoplenty:jacaranda_log":29,"minecraft:jungle_stairs":1,"minecraft:diamond_boots":5,"minecraft:hay_block":20,"minecraft:stripped_dark_oak_wood":1,"minecraft:gold_ingot":42,"minecraft:glistering_melon_slice":2,"minecraft:saddle":2,"tombstone:essence_of_undeath":1,"biomesoplenty:redwood_sapling":13,"minecraft:mutton":18,"minecraft:glow_berries":1,"minecraft:skeleton_skull":10,"minecraft:white_wool":12,"minecraft:oxeye_daisy":2,"minecraft:stripped_oak_log":1,"minecraft:tripwire_hook":3,"immersive_weathering:spruce_bark":1,"minecraft:cut_sandstone":1,"minecraft:leather":31,"minecraft:red_mushroom":22,"minecraft:birch_planks":21,"minecraft:oak_log":162,"minecraft:golden_boots":1,"biomesoplenty:jacaranda_planks":7,"minecraft:gunpowder":128,"immersive_weathering:charred_planks":1,"pizzacraft:broccoli_seeds":4,"tombstone:gift":2,"minecraft:white_banner":8,"minecraft:cooked_mutton":11,"minecraft:red_carpet":5,"minecraft:apple":49,"minecraft:stone_bricks":1,"minecraft:gray_carpet":25,"minecraft:kelp":14,"minecraft:spruce_wood":1,"minecraft:iron_ingot":228,"minecraft:cooked_chicken":5,"minecraft:iron_ore":11,"biomesoplenty:magic_log":182,"minecraft:iron_sword":7,"minecraft:dark_oak_stairs":19,"minecraft:book":11,"projectvibrantjourneys:light_brown_bark_mushroom":19,"minecraft:oak_slab":4,"minecraft:milk_bucket":1,"minecraft:dark_oak_slab":4,"minecraft:emerald_block":1,"minecraft:stone_brick_slab":4,"minecraft:dandelion":2,"immersive_weathering:charred_stairs":2,"minecraft:gravel":11,"minecraft:birch_stairs":1,"biomesoplenty:magic_door":6,"minecraft:spruce_sapling":2,"minecraft:white_bed":9,"minecraft:spruce_log":2,"minecraft:spruce_door":2,"immersive_weathering:charred_slab":2,"minecraft:spider_eye":1,"biomesoplenty:flowering_oak_sapling":1,"minecraft:oak_wood":2,"minecraft:slime_ball":1,"immersive_weathering:earthen_clay":6,"minecraft:iron_helmet":3,"minecraft:diamond_axe":4,"minecraft:cherry_sapling":2,"tombstone:magic_scroll":2,"minecraft:baked_potato":13,"projectvibrantjourneys:orange_bark_mushroom":24,"minecraft:black_wool":12,"minecraft:dark_oak_wood":1,"minecraft:coal":154,"minecraft:ender_pearl":5},"minecraft:custom":{"minecraft:interact_with_crafting_table":116,"minecraft:open_barrel":175,"minecraft:eat_cake_slice":1,"minecraft:leave_game":12,"minecraft:time_since_death":22609,"minecraft:damage_resisted":330,"minecraft:sprint_one_cm":1949055,"minecraft:damage_blocked_by_shield":1437,"minecraft:drop":174,"minecraft:play_noteblock":1,"minecraft:talked_to_villager":9,"minecraft:play_time":987056,"minecraft:deaths":49,"minecraft:jump":14987,"minecraft:interact_with_brewingstand":1,"minecraft:walk_on_water_one_cm":203285,"minecraft:interact_with_furnace":70,"minecraft:sleep_in_bed":21,"minecraft:damage_dealt":57379,"minecraft:player_kills":2,"minecraft:crouch_one_cm":56959,"tombstone:undead_killed":127,"tombstone:villager_killed":4,"minecraft:inspect_dispenser":3,"minecraft:horse_one_cm":121,"minecraft:mob_kills":316,"minecraft:damage_dealt_resisted":3217,"minecraft:climb_one_cm":54454,"minecraft:walk_one_cm":2552693,"minecraft:sneak_time":28072,"minecraft:walk_under_water_one_cm":173186,"minecraft:boat_one_cm":32126,"minecraft:total_world_time":987056,"tombstone:raider_killed":60,"minecraft:time_since_rest":21467,"minecraft:damage_taken":31545,"minecraft:damage_absorbed":81,"minecraft:swim_one_cm":415361,"minecraft:fly_one_cm":3386999,"minecraft:open_chest":353,"minecraft:fall_one_cm":438025},"minecraft:used":{"minecraft:moss_carpet":3,"pizzacraft:dough":1,"minecraft:iron_shovel":272,"biomesoplenty:magic_fence":92,"minecraft:spruce_slab":2,"minecraft:ladder":3,"minecraft:chest":12,"minecraft:shield":24,"minecraft:iron_sword":875,"minecraft:rotten_flesh":4,"minecraft:jungle_planks":18,"minecraft:allium":1,"minecraft:snowball":11,"minecraft:obsidian":2,"minecraft:spruce_boat":2,"minecraft:lantern":20,"minecraft:brown_carpet":1,"minecraft:item_frame":1,"biomesoplenty:jacaranda_sapling":9,"minecraft:red_carpet":1,"minecraft:bow":70,"minecraft:hay_block":1,"supplementaries:ash":2,"minecraft:furnace":5,"pizzacraft:pizza":1,"minecraft:potato":1,"pizzacraft:raw_pizza":3,"minecraft:spruce_door":1,"supplementaries:sign_post_oak":1,"biomesoplenty:magic_log":76,"minecraft:oak_planks":67,"minecraft:ender_pearl":2,"minecraft:wooden_pickaxe":37,"minecraft:leather_chestplate":1,"biomesoplenty:fir_planks":208,"minecraft:sandstone":9,"minecraft:chainmail_helmet":1,"minecraft:diamond_axe":1095,"minecraft:golden_apple":2,"minecraft:sand":4,"pizzacraft:pizza_slice":3,"minecraft:mushroom_stew":9,"biomesoplenty:magic_planks":213,"minecraft:purple_terracotta":4,"minecraft:black_bed":8,"biomesoplenty:jacaranda_planks":116,"minecraft:bread":148,"minecraft:stone_button":1,"minecraft:birch_slab":1,"minecraft:melon_slice":47,"minecraft:gravel":10,"wardrobe:backpack":1,"ecologics:coconut_slice":1,"securitycraft:mine":17,"minecraft:diamond_sword":466,"minecraft:wooden_sword":8,"biomesoplenty:magic_stairs":24,"minecraft:bone_meal":9,"minecraft:experience_bottle":2,"minecraft:iron_bars":1,"minecraft:flint_and_steel":164,"immersive_weathering:charred_planks":1,"minecraft:stone_shovel":129,"biomesoplenty:redwood_planks":82,"minecraft:spruce_planks":111,"minecraft:cooked_chicken":6,"minecraft:stick":2,"minecraft:torch":6,"minecraft:dirt":345,"farmersdelight:flint_knife":1,"minecraft:spruce_stairs":8,"minecraft:diamond_helmet":1,"biomesoplenty:magic_slab":210,"minecraft:wooden_axe":38,"minecraft:stone_brick_slab":2,"minecraft:dark_oak_planks":46,"minecraft:muddy_mangrove_roots":1,"minecraft:iron_axe":586,"minecraft:iron_boots":1,"minecraft:crimson_planks":15,"biomesoplenty:redwood_boat":3,"minecraft:barrel":2,"minecraft:diamond_chestplate":3,"securitycraft:dirt_mine":4,"tombstone:gift":5,"minecraft:cooked_beef":64,"minecraft:acacia_planks":2,"minecraft:iron_leggings":2,"minecraft:calcite":3,"minecraft:cooked_mutton":21,"minecraft:water_bucket":16,"minecraft:snow_block":46,"minecraft:birch_planks":12,"biomesoplenty:redwood_sapling":9,"minecraft:cherry_planks":4,"minecraft:green_bed":2,"minecraft:crafting_table":25,"minecraft:tnt":6,"minecraft:oak_slab":2,"immersive_weathering:silt":3,"minecraft:white_bed":10,"minecraft:mud":13,"minecraft:diamond_pickaxe":46,"minecraft:black_wool":2,"minecraft:apple":12,"biomesoplenty:magic_door":7,"minecraft:iron_pickaxe":301,"minecraft:map":1,"tombstone:magic_scroll":9,"minecraft:cobblestone":155,"minecraft:cooked_porkchop":9,"minecraft:bucket":16,"minecraft:pumpkin_pie":13,"biomesoplenty:fir_log":28,"minecraft:splash_potion":1,"minecraft:dandelion":1},"minecraft:dropped":{"naturalist:lizard_tail":3,"minecraft:iron_sword":1,"minecraft:birch_planks":3,"minecraft:porkchop":2,"minecraft:diamond_axe":1,"minecraft:cooked_beef":1,"minecraft:oak_log":110,"minecraft:diamond":11,"minecraft:dark_oak_slab":2,"pizzacraft:iron_knife":1,"minecraft:leather":11,"minecraft:jungle_planks":5,"projectvibrantjourneys:orange_bark_mushroom":2,"minecraft:birch_slab":4,"minecraft:red_carpet":2,"biomesoplenty:fir_sapling":5,"minecraft:dirt":8,"minecraft:gray_concrete":1,"minecraft:stone_button":1,"minecraft:dark_oak_trapdoor":8,"immersive_weathering:spruce_bark":1,"minecraft:mangrove_stairs":2,"minecraft:snowball":16,"minecraft:polished_blackstone_bricks":1,"minecraft:bone":3,"minecraft:gravel":10,"minecraft:note_block":1,"biomesoplenty:yellow_autumn_sapling":1,"minecraft:golden_chestplate":2,"minecraft:wheat":4,"minecraft:birch_sapling":1,"minecraft:rotten_flesh":38,"minecraft:oak_planks":3,"bosses_of_mass_destruction:soul_star":1,"supplementaries:flax_seeds":2,"projectvibrantjourneys:light_brown_bark_mushroom":1,"minecraft:birch_trapdoor":2,"minecraft:gunpowder":2,"minecraft:chest":2,"minecraft:spruce_pressure_plate":3,"minecraft:leather_leggings":1,"minecraft:spruce_slab":3,"immersive_weathering:tallow":1,"minecraft:iron_bars":1,"pizzacraft:broccoli_seeds":3,"minecraft:quartz":23,"minecraft:bread":9,"minecraft:crimson_planks":1,"minecraft:purple_carpet":1,"minecraft:stripped_mangrove_log":4,"minecraft:iron_ingot":5,"minecraft:golden_boots":1,"minecraft:oak_slab":2,"minecraft:wheat_seeds":253,"minecraft:lilac":4,"minecraft:cobblestone":7,"minecraft:iron_helmet":1,"minecraft:spruce_door":1,"pizzacraft:pizza_slice":1,"minecraft:spruce_stairs":7,"minecraft:golden_apple":3,"minecraft:stick":1,"minecraft:oxeye_daisy":2,"minecraft:milk_bucket":1,"tombstone:grave_key":2,"minecraft:cyan_candle":4,"tombstone:grave_dust":2,"minecraft:white_banner":8,"minecraft:polished_blackstone_brick_slab":1,"minecraft:stone_brick_slab":2,"minecraft:string":11,"minecraft:gray_carpet":25,"minecraft:dandelion":1,"minecraft:kelp":14,"pizzacraft:rolling_pin":1,"minecraft:stone_sword":1,"minecraft:bowl":2,"biomesoplenty:redwood_planks":5,"minecraft:iron_boots":2,"minecraft:big_dripleaf":1,"minecraft:filled_map":1,"minecraft:potato":3,"minecraft:hay_block":2,"biomesoplenty:fir_planks":64,"minecraft:iron_chestplate":2,"minecraft:oak_sapling":3,"minecraft:stone_bricks":1,"minecraft:brown_carpet":1,"minecraft:diamond_boots":2,"minecraft:bow":1},"minecraft:mined":{"minecraft:dark_oak_planks":33,"securitycraft:mine":5,"minecraft:stone_pressure_plate":1,"minecraft:spruce_planks":182,"minecraft:white_bed":7,"minecraft:oak_sapling":1,"minecraft:jungle_slab":1,"minecraft:cherry_log":1,"minecraft:sculk_vein":1,"minecraft:spruce_trapdoor":1,"minecraft:grass_block":174,"minecraft:yellow_carpet":1,"minecraft:frosted_ice":2,"minecraft:spawner":26,"minecraft:tall_seagrass":1,"immersive_weathering:biomesoplenty/fir_leaf_pile":1,"biomesoplenty:tall_lavender":5,"minecraft:dark_oak_trapdoor":2,"minecraft:barrel":1,"minecraft:fire":163,"biomesoplenty:lavender":16,"diagonalfences:biomesoplenty/magic_fence":18,"minecraft:dark_oak_stairs":5,"supplementaries:stick":1,"minecraft:dirt_path":2,"biomesoplenty:redwood_log":1,"biomesoplenty:glowflower":2,"amendments:wall_lantern":11,"minecraft:iron_bars":7,"minecraft:purple_carpet":1,"minecraft:spruce_pressure_plate":3,"minecraft:spruce_wood":1,"minecraft:spruce_slab":17,"minecraft:green_bed":5,"minecraft:tripwire":3,"immersive_weathering:oak_leaf_pile":1,"projectvibrantjourneys:cattail":2,"minecraft:cut_sandstone":1,"minecraft:kelp_plant":1,"biomesoplenty:jacaranda_planks":1,"minecraft:soul_fire":14,"minecraft:note_block":1,"minecraft:jungle_stairs":2,"projectvibrantjourneys:twigs":4,"diagonalfences:minecraft/oak_fence":5,"minecraft:calcite":5,"minecraft:melon":9,"minecraft:chest":5,"projectvibrantjourneys:natural_cobweb":1,"minecraft:cobblestone":24,"immersive_weathering:biomesoplenty/magic_leaf_pile":112,"minecraft:oak_planks":22,"projectvibrantjourneys:fallen_leaves":1,"minecraft:iron_door":2,"minecraft:wall_torch":2,"minecraft:amethyst_block":1,"minecraft:pink_petals":1,"minecraft:seagrass":1,"minecraft:stone_stairs":1,"minecraft:repeater":1,"biomesoplenty:magic_planks":81,"minecraft:dark_oak_slab":7,"minecraft:mud":4,"minecraft:birch_trapdoor":2,"minecraft:wheat":230,"immersive_weathering:biomesoplenty/redwood_leaf_pile":19,"minecraft:lilac":7,"minecraft:stripped_oak_wood":1,"minecraft:black_bed":6,"biomesoplenty:fir_log":6,"minecraft:grass":149,"biomesoplenty:clover":18,"minecraft:oak_log":4,"projectvibrantjourneys:short_grass":87,"minecraft:sand":2,"minecraft:dirt":205,"minecraft:crimson_planks":17,"minecraft:tripwire_hook":10,"minecraft:netherrack":8,"minecraft:deepslate":2,"minecraft:emerald_block":1,"biomesoplenty:orange_autumn_leaves":3,"minecraft:dark_prismarine":4,"minecraft:red_carpet":2,"minecraft:stripped_mangrove_log":2,"immersive_weathering:biomesoplenty/jacaranda_leaf_pile":39,"projectvibrantjourneys:rocks":1,"minecraft:gray_stained_glass_pane":1,"minecraft:ladder":2,"minecraft:purple_terracotta":5,"biomesoplenty:bush":3,"minecraft:allium":1,"minecraft:spruce_fence":4,"minecraft:jungle_planks":12,"minecraft:birch_slab":14,"minecraft:kelp":1,"biomesoplenty:jacaranda_sapling":1,"minecraft:sandstone":9,"minecraft:hay_block":20,"minecraft:black_stained_glass_pane":1,"minecraft:carrots":2,"minecraft:furnace":1,"minecraft:raw_gold_block":2,"minecraft:chiseled_sandstone":1,"minecraft:snow":140,"minecraft:acacia_wood":2,"treechop:chopped_log":41,"minecraft:gold_block":9,"biomesoplenty:magic_log":31,"biomesoplenty:sea_oats":2,"minecraft:polished_deepslate":2,"minecraft:potatoes":1,"biomesoplenty:high_grass":20,"minecraft:lantern":5,"biomesoplenty:barley":4,"projectvibrantjourneys:seashells":2,"minecraft:stone":164,"biomesoplenty:magic_door":6,"minecraft:podzol":1,"minecraft:birch_stairs":9,"minecraft:oak_slab":1,"biomesoplenty:magic_stairs":6,"minecraft:mangrove_stairs":1,"biomesoplenty:redwood_planks":22,"minecraft:cherry_planks":2,"minecraft:lily_of_the_valley":3,"minecraft:brown_carpet":2,"minecraft:stone_brick_slab":2,"minecraft:spruce_door":1,"minecraft:crafting_table":6,"wardrobe:backpack_block":1,"minecraft:oak_wood":2,"pizzacraft:raw_pizza":1,"biomesoplenty:fir_planks":17,"minecraft:campfire":1,"biomesoplenty:high_grass_plant":23,"minecraft:tall_grass":13,"biomesoplenty:sprout":72,"minecraft:cracked_deepslate_bricks":1,"minecraft:sculk":2,"minecraft:spruce_stairs":25,"minecraft:purple_bed":1,"minecraft:birch_planks":19,"minecraft:spruce_log":1,"securitycraft:dirt_mine":1,"biomesoplenty:magic_slab":36,"minecraft:black_wool":2,"minecraft:mangrove_slab":1,"minecraft:coal_ore":14,"biomesoplenty:fir_leaves":21,"minecraft:cherry_leaves":8,"minecraft:cyan_carpet":1,"minecraft:gravel":10,"minecraft:gray_carpet":3,"minecraft:lodestone":1,"minecraft:acacia_planks":3,"minecraft:stone_bricks":7,"minecraft:mossy_stone_bricks":6,"projectvibrantjourneys:oak_hollow_log":1,"minecraft:fern":7},"minecraft:crafted":{"biomesoplenty:magic_fence":96,"securitycraft:mine":6,"minecraft:oak_planks":100,"minecraft:cooked_chicken":1,"minecraft:cooked_mutton":12,"minecraft:diamond_leggings":2,"minecraft:iron_boots":1,"tombstone:grave_key":2,"minecraft:chest":8,"pizzacraft:chef_hat":1,"minecraft:emerald":9,"biomesoplenty:jacaranda_planks":116,"minecraft:cooked_porkchop":13,"minecraft:diamond_axe":2,"minecraft:crafting_table":19,"biomesoplenty:magic_slab":180,"minecraft:spruce_planks":8,"minecraft:wooden_pickaxe":3,"minecraft:birch_planks":24,"biomesoplenty:fir_planks":476,"biomesoplenty:redwood_boat":1,"minecraft:diamond_pickaxe":1,"minecraft:charcoal":10,"minecraft:shield":3,"minecraft:stick":20,"minecraft:iron_ingot":6,"minecraft:iron_pickaxe":1,"minecraft:snow_block":31,"minecraft:gold_ingot":72,"minecraft:black_bed":2,"wardrobe:backpack":1,"minecraft:cherry_planks":4,"minecraft:wooden_sword":1,"minecraft:coal":153,"minecraft:stone_shovel":1,"minecraft:iron_nugget":99,"minecraft:furnace":4,"minecraft:bone_meal":9,"minecraft:lantern":12,"minecraft:iron_axe":2,"biomesoplenty:magic_planks":424,"minecraft:spruce_boat":1,"minecraft:dark_oak_planks":24,"biomesoplenty:magic_door":3,"minecraft:wheat":153,"minecraft:cooked_beef":35,"minecraft:diamond_sword":3,"biomesoplenty:redwood_planks":76,"minecraft:iron_sword":1,"minecraft:bucket":1,"minecraft:bread":107,"minecraft:air":0,"biomesoplenty:magic_stairs":32,"minecraft:jungle_planks":24,"minecraft:golden_apple":7,"minecraft:wooden_axe":2,"minecraft:iron_shovel":2,"minecraft:iron_leggings":1,"minecraft:white_bed":3,"minecraft:torch":24,"minecraft:diamond_chestplate":1},"minecraft:killed_by":{"minecraft:creeper":1,"minecraft:pillager":5,"minecraft:vindicator":8,"minecraft:zombie":6,"minecraft:stray":2,"minecraft:skeleton":4}},"DataVersion":3465}